<?xml version="1.0" encoding="UTF-8"?>
<root>
  <item name="androidx.wear.widget.drawer.WearableDrawerLayout.DrawerStateCallback void onDrawerStateChanged(androidx.wear.widget.drawer.WearableDrawerLayout, int) 1">
    <annotation name="androidx.annotation.IntDef">
      <val name="value" val="{androidx.wear.widget.drawer.WearableDrawerView.STATE_IDLE, androidx.wear.widget.drawer.WearableDrawerView.STATE_DRAGGING, androidx.wear.widget.drawer.WearableDrawerView.STATE_SETTLING}" />
    </annotation>
  </item>
  <item name="androidx.wear.widget.drawer.WearableDrawerView int getDrawerState()">
    <annotation name="androidx.annotation.IntDef">
      <val name="value" val="{androidx.wear.widget.drawer.WearableDrawerView.STATE_IDLE, androidx.wear.widget.drawer.WearableDrawerView.STATE_DRAGGING, androidx.wear.widget.drawer.WearableDrawerView.STATE_SETTLING}" />
    </annotation>
  </item>
  <item name="androidx.wear.widget.drawer.WearableDrawerView mDrawerState">
    <annotation name="androidx.annotation.IntDef">
      <val name="value" val="{androidx.wear.widget.drawer.WearableDrawerView.STATE_IDLE, androidx.wear.widget.drawer.WearableDrawerView.STATE_DRAGGING, androidx.wear.widget.drawer.WearableDrawerView.STATE_SETTLING}" />
    </annotation>
  </item>
  <item name="androidx.wear.widget.drawer.WearableDrawerView void onDrawerStateChanged(int) 0">
    <annotation name="androidx.annotation.IntDef">
      <val name="value" val="{androidx.wear.widget.drawer.WearableDrawerView.STATE_IDLE, androidx.wear.widget.drawer.WearableDrawerView.STATE_DRAGGING, androidx.wear.widget.drawer.WearableDrawerView.STATE_SETTLING}" />
    </annotation>
  </item>
  <item name="androidx.wear.widget.drawer.WearableDrawerView void setDrawerState(int) 0">
    <annotation name="androidx.annotation.IntDef">
      <val name="value" val="{androidx.wear.widget.drawer.WearableDrawerView.STATE_IDLE, androidx.wear.widget.drawer.WearableDrawerView.STATE_DRAGGING, androidx.wear.widget.drawer.WearableDrawerView.STATE_SETTLING}" />
    </annotation>
  </item>
  <item name="androidx.wear.widget.drawer.WearableDrawerView.DrawerState">
    <annotation name="androidx.annotation.IntDef">
      <val name="value" val="{androidx.wear.widget.drawer.WearableDrawerView.STATE_IDLE, androidx.wear.widget.drawer.WearableDrawerView.STATE_DRAGGING, androidx.wear.widget.drawer.WearableDrawerView.STATE_SETTLING}" />
    </annotation>
  </item>
  <item name="androidx.wear.widget.drawer.WearableNavigationDrawerView DEFAULT_STYLE">
    <annotation name="androidx.annotation.IntDef">
      <val name="value" val="{androidx.wear.widget.drawer.WearableNavigationDrawerView.SINGLE_PAGE, androidx.wear.widget.drawer.WearableNavigationDrawerView.MULTI_PAGE}" />
    </annotation>
  </item>
  <item name="androidx.wear.widget.drawer.WearableNavigationDrawerView int getNavigationStyle()">
    <annotation name="androidx.annotation.IntDef">
      <val name="value" val="{androidx.wear.widget.drawer.WearableNavigationDrawerView.SINGLE_PAGE, androidx.wear.widget.drawer.WearableNavigationDrawerView.MULTI_PAGE}" />
    </annotation>
  </item>
  <item name="androidx.wear.widget.drawer.WearableNavigationDrawerView mNavigationStyle">
    <annotation name="androidx.annotation.IntDef">
      <val name="value" val="{androidx.wear.widget.drawer.WearableNavigationDrawerView.SINGLE_PAGE, androidx.wear.widget.drawer.WearableNavigationDrawerView.MULTI_PAGE}" />
    </annotation>
  </item>
  <item name="androidx.wear.widget.drawer.WearableNavigationDrawerView.NavigationStyle">
    <annotation name="androidx.annotation.IntDef">
      <val name="value" val="{androidx.wear.widget.drawer.WearableNavigationDrawerView.SINGLE_PAGE, androidx.wear.widget.drawer.WearableNavigationDrawerView.MULTI_PAGE}" />
    </annotation>
  </item>
</root>

